date,ron95,ron97,diesel,ron95_skps,diesel_budi,diesel_skds,ron95_budi95,diesel_eastmsia,month,cpi_index,usd,sgd,eur,gbp,jpy,new_opr_level
2017-03-30,2.13,2.41,2.11,,,,,2.11,2017-03-01,119.4,4.438695652173913,3.1575565217391306,4.743017391304348,5.476430434782609,0.039286173913043475,3.0
2017-04-06,2.16,2.43,2.08,,,,,2.08,2017-04-01,119.2,4.408026315789473,3.152436842105263,4.718531578947369,5.559342105263158,0.04004868421052631,3.0
2017-04-13,2.24,2.52,2.16,,,,,2.16,2017-04-01,119.2,4.408026315789473,3.152436842105263,4.718531578947369,5.559342105263158,0.04004868421052631,3.0
2017-04-20,2.27,2.54,2.21,,,,,2.21,2017-04-01,119.2,4.408026315789473,3.152436842105263,4.718531578947369,5.559342105263158,0.04004868421052631,3.0
2017-04-27,2.21,2.49,2.14,,,,,2.14,2017-04-01,119.2,4.408026315789473,3.152436842105263,4.718531578947369,5.559342105263158,0.04004868421052631,3.0
2017-05-04,2.11,2.39,2.08,,,,,2.08,2017-05-01,119.0,4.314285714285714,3.093090476190476,4.768828571428571,5.572961904761905,0.03844519047619047,3.0
2017-05-11,2.01,2.29,1.95,,,,,1.95,2017-05-01,119.0,4.314285714285714,3.093090476190476,4.768828571428571,5.572961904761905,0.03844519047619047,3.0
2017-05-18,2.08,2.36,1.99,,,,,1.99,2017-05-01,119.0,4.314285714285714,3.093090476190476,4.768828571428571,5.572961904761905,0.03844519047619047,3.0
2017-05-25,2.12,2.4,2.03,,,,,2.03,2017-05-01,119.0,4.314285714285714,3.093090476190476,4.768828571428571,5.572961904761905,0.03844519047619047,3.0
2017-06-01,2.1,2.38,2.02,,,,,2.02,2017-06-01,118.7,4.276710526315789,3.090663157894737,4.8037052631578945,5.4773000000000005,0.03857573684210527,3.0
2017-06-08,2.05,2.31,1.94,,,,,1.94,2017-06-01,118.7,4.276710526315789,3.090663157894737,4.8037052631578945,5.4773000000000005,0.03857573684210527,3.0
2017-06-15,1.98,2.24,1.88,,,,,1.88,2017-06-01,118.7,4.276710526315789,3.090663157894737,4.8037052631578945,5.4773000000000005,0.03857573684210527,3.0
2017-06-22,1.91,2.17,1.88,,,,,1.88,2017-06-01,118.7,4.276710526315789,3.090663157894737,4.8037052631578945,5.4773000000000005,0.03857573684210527,3.0
2017-06-29,1.89,2.15,1.84,,,,,1.84,2017-06-01,118.7,4.276710526315789,3.090663157894737,4.8037052631578945,5.4773000000000005,0.03857573684210527,3.0
2017-07-06,1.93,2.19,1.91,,,,,1.91,2017-07-01,118.7,4.288928571428571,3.1270285714285713,4.937376190476191,5.5717,0.03815595238095238,3.0
2017-07-13,1.97,2.22,1.96,,,,,1.96,2017-07-01,118.7,4.288928571428571,3.1270285714285713,4.937376190476191,5.5717,0.03815595238095238,3.0
2017-07-20,1.97,2.22,1.96,,,,,1.96,2017-07-01,118.7,4.288928571428571,3.1270285714285713,4.937376190476191,5.5717,0.03815595238095238,3.0
2017-07-27,2.03,2.28,1.99,,,,,1.99,2017-07-01,118.7,4.288928571428571,3.1270285714285713,4.937376190476191,5.5717,0.03815595238095238,3.0
2017-08-03,2.07,2.32,2.05,,,,,2.05,2017-08-01,119.8,4.283818181818182,3.147681818181818,5.0595,5.556377272727272,0.03899840909090909,3.0
2017-08-10,2.12,2.39,2.06,,,,,2.06,2017-08-01,119.8,4.283818181818182,3.147681818181818,5.0595,5.556377272727272,0.03899840909090909,3.0
2017-08-17,2.15,2.43,2.04,,,,,2.04,2017-08-01,119.8,4.283818181818182,3.147681818181818,5.0595,5.556377272727272,0.03899840909090909,3.0
2017-08-24,2.15,2.43,2.01,,,,,2.01,2017-08-01,119.8,4.283818181818182,3.147681818181818,5.0595,5.556377272727272,0.03899840909090909,3.0
2017-08-31,2.16,2.44,2.04,,,,,2.04,2017-08-01,119.8,4.283818181818182,3.147681818181818,5.0595,5.556377272727272,0.03899840909090909,3.0
2017-09-07,2.2,2.48,2.05,,,,,2.05,2017-09-01,120.1,4.209027777777778,3.118866666666667,5.012938888888889,5.605133333333333,0.03801688888888889,3.0
2017-09-14,2.21,2.52,2.14,,,,,2.14,2017-09-01,120.1,4.209027777777778,3.118866666666667,5.012938888888889,5.605133333333333,0.03801688888888889,3.0
2017-09-21,2.19,2.49,2.1,,,,,2.1,2017-09-01,120.1,4.209027777777778,3.118866666666667,5.012938888888889,5.605133333333333,0.03801688888888889,3.0
2017-09-28,2.16,2.46,2.12,,,,,2.12,2017-09-01,120.1,4.209027777777778,3.118866666666667,5.012938888888889,5.605133333333333,0.03801688888888889,3.0
2017-10-05,2.19,2.49,2.17,,,,,2.17,2017-10-01,120.0,4.227547619047619,3.108495238095238,4.972571428571429,5.583338095238095,0.037434380952380955,3.0
2017-10-12,2.16,2.46,2.1,,,,,2.1,2017-10-01,120.0,4.227547619047619,3.108495238095238,4.972571428571429,5.583338095238095,0.037434380952380955,3.0
2017-10-19,2.17,2.47,2.11,,,,,2.11,2017-10-01,120.0,4.227547619047619,3.108495238095238,4.972571428571429,5.583338095238095,0.037434380952380955,3.0
2017-10-26,2.2,2.5,2.13,,,,,2.13,2017-10-01,120.0,4.227547619047619,3.108495238095238,4.972571428571429,5.583338095238095,0.037434380952380955,3.0
2017-11-02,2.24,2.54,2.17,,,,,2.17,2017-11-01,120.8,4.172704545454545,3.076786363636364,4.894568181818181,5.514904545454545,0.036961909090909094,3.0
2017-11-09,2.31,2.6,2.2,,,,,2.2,2017-11-01,120.8,4.172704545454545,3.076786363636364,4.894568181818181,5.514904545454545,0.036961909090909094,3.0
2017-11-16,2.38,2.66,2.25,,,,,2.25,2017-11-01,120.8,4.172704545454545,3.076786363636364,4.894568181818181,5.514904545454545,0.036961909090909094,3.0
2017-11-23,2.3,2.58,2.23,,,,,2.23,2017-11-01,120.8,4.172704545454545,3.076786363636364,4.894568181818181,5.514904545454545,0.036961909090909094,3.0
2017-11-30,2.3,2.58,2.25,,,,,2.25,2017-11-01,120.8,4.172704545454545,3.076786363636364,4.894568181818181,5.514904545454545,0.036961909090909094,3.0
2017-12-07,2.29,2.57,2.21,,,,,2.21,2017-12-01,120.9,4.076578947368421,3.0266052631578946,4.821578947368421,5.462257894736842,0.03608094736842105,3.0
2017-12-14,2.25,2.52,2.2,,,,,2.2,2017-12-01,120.9,4.076578947368421,3.0266052631578946,4.821578947368421,5.462257894736842,0.03608094736842105,3.0
2017-12-21,2.27,2.54,2.23,,,,,2.23,2017-12-01,120.9,4.076578947368421,3.0266052631578946,4.821578947368421,5.462257894736842,0.03608094736842105,3.0
2017-12-28,2.26,2.53,2.26,,,,,2.26,2017-12-01,120.9,4.076578947368421,3.0266052631578946,4.821578947368421,5.462257894736842,0.03608094736842105,3.0
2018-01-04,2.29,2.56,2.32,,,,,2.32,2018-01-01,121.3,3.9609523809523814,2.994,4.822752380952381,5.458942857142857,0.03562852380952381,3.25
2018-01-11,2.26,2.53,2.32,,,,,2.32,2018-01-01,121.3,3.9609523809523814,2.994,4.822752380952381,5.458942857142857,0.03562852380952381,3.25
2018-01-18,2.3,2.57,2.32,,,,,2.32,2018-01-01,121.3,3.9609523809523814,2.994,4.822752380952381,5.458942857142857,0.03562852380952381,3.25
2018-01-25,2.29,2.56,2.31,,,,,2.31,2018-01-01,121.3,3.9609523809523814,2.994,4.822752380952381,5.458942857142857,0.03562852380952381,3.25
2018-02-01,2.31,2.58,2.34,,,,,2.34,2018-02-01,121.3,3.91025,2.962188888888889,4.827772222222222,5.461683333333333,0.03621283333333333,3.25
2018-02-08,2.33,2.61,2.31,,,,,2.31,2018-02-01,121.3,3.91025,2.962188888888889,4.827772222222222,5.461683333333333,0.03621283333333333,3.25
2018-02-15,2.23,2.5,2.19,,,,,2.19,2018-02-01,121.3,3.91025,2.962188888888889,4.827772222222222,5.461683333333333,0.03621283333333333,3.25
2018-02-22,2.17,2.43,2.13,,,,,2.13,2018-02-01,121.3,3.91025,2.962188888888889,4.827772222222222,5.461683333333333,0.03621283333333333,3.25
2018-03-01,2.2,2.47,2.18,,,,,2.18,2018-03-01,120.9,3.9030454545454547,2.9681318181818184,4.815545454545455,5.452663636363637,0.036802772727272726,3.25
2018-03-08,2.21,2.47,2.17,,,,,2.17,2018-03-01,120.9,3.9030454545454547,2.9681318181818184,4.815545454545455,5.452663636363637,0.036802772727272726,3.25
2018-03-15,2.18,2.45,2.16,,,,,2.16,2018-03-01,120.9,3.9030454545454547,2.9681318181818184,4.815545454545455,5.452663636363637,0.036802772727272726,3.25
2018-03-22,2.2,2.47,2.18,,,,,2.18,2018-03-01,120.9,3.9030454545454547,2.9681318181818184,4.815545454545455,5.452663636363637,0.036802772727272726,3.25
2018-03-29,2.2,2.47,2.18,,,,,2.18,2018-03-01,120.9,3.9030454545454547,2.9681318181818184,4.815545454545455,5.452663636363637,0.036802772727272726,3.25
2018-04-05,2.2,2.47,2.18,,,,,2.18,2018-04-01,120.9,3.8842761904761907,2.9538,4.772642857142857,5.4726,0.036136380952380955,3.25
2018-04-12,2.2,2.47,2.18,,,,,2.18,2018-04-01,120.9,3.8842761904761907,2.9538,4.772642857142857,5.4726,0.036136380952380955,3.25
2018-04-19,2.2,2.47,2.18,,,,,2.18,2018-04-01,120.9,3.8842761904761907,2.9538,4.772642857142857,5.4726,0.036136380952380955,3.25
2018-04-26,2.2,2.47,2.18,,,,,2.18,2018-04-01,120.9,3.8842761904761907,2.9538,4.772642857142857,5.4726,0.036136380952380955,3.25
2018-05-03,2.2,2.47,2.18,,,,,2.18,2018-05-01,121.1,3.964666666666667,2.962,4.687688888888889,5.341105555555555,0.03612166666666667,3.25
2018-05-10,2.2,2.47,2.18,,,,,2.18,2018-05-01,121.1,3.964666666666667,2.962,4.687688888888889,5.341105555555555,0.03612166666666667,3.25
2018-06-07,2.2,2.66,2.18,,,,,2.18,2018-06-01,119.6,3.9986249999999997,2.96747,4.670335,5.314385,0.0363604,3.25
2018-06-14,2.2,2.6,2.18,,,,,2.18,2018-06-01,119.6,3.9986249999999997,2.96747,4.670335,5.314385,0.0363604,3.25
2018-06-21,2.2,2.59,2.18,,,,,2.18,2018-06-01,119.6,3.9986249999999997,2.96747,4.670335,5.314385,0.0363604,3.25
2018-06-28,2.2,2.5,2.18,,,,,2.18,2018-06-01,119.6,3.9986249999999997,2.96747,4.670335,5.314385,0.0363604,3.25
2018-07-05,2.2,2.58,2.18,,,,,2.18,2018-07-01,119.8,4.049386363636364,2.970290909090909,4.732781818181818,5.333640909090909,0.03635140909090909,3.25
2018-07-12,2.2,2.59,2.18,,,,,2.18,2018-07-01,119.8,4.049386363636364,2.970290909090909,4.732781818181818,5.333640909090909,0.03635140909090909,3.25
2018-07-19,2.2,2.56,2.18,,,,,2.18,2018-07-01,119.8,4.049386363636364,2.970290909090909,4.732781818181818,5.333640909090909,0.03635140909090909,3.25
2018-07-26,2.2,2.54,2.18,,,,,2.18,2018-07-01,119.8,4.049386363636364,2.970290909090909,4.732781818181818,5.333640909090909,0.03635140909090909,3.25
2018-08-02,2.2,2.64,2.18,,,,,2.18,2018-08-01,120.0,4.0903809523809525,2.988438095238095,4.721961904761905,5.266566666666667,0.03682314285714286,3.25
2018-08-09,2.2,2.61,2.18,,,,,2.18,2018-08-01,120.0,4.0903809523809525,2.988438095238095,4.721961904761905,5.266566666666667,0.03682314285714286,3.25
2018-08-16,2.2,2.65,2.18,,,,,2.18,2018-08-01,120.0,4.0903809523809525,2.988438095238095,4.721961904761905,5.266566666666667,0.03682314285714286,3.25
2018-08-23,2.2,2.65,2.18,,,,,2.18,2018-08-01,120.0,4.0903809523809525,2.988438095238095,4.721961904761905,5.266566666666667,0.03682314285714286,3.25
2018-08-30,2.2,2.69,2.18,,,,,2.18,2018-08-01,120.0,4.0903809523809525,2.988438095238095,4.721961904761905,5.266566666666667,0.03682314285714286,3.25
2018-10-01,2.2,2.79,2.18,,,,,2.18,2018-10-01,120.7,4.157521739130435,3.0150347826086956,4.7786608695652175,5.412982608695652,0.036849217391304354,3.25
2018-11-01,2.2,2.81,2.18,,,,,2.18,2018-11-01,121.0,4.18595,3.0427,4.7548900000000005,5.399425,0.0369304,3.25
2018-12-01,2.2,2.5,2.18,,,,,2.18,2018-12-01,121.1,4.17295,3.0440449999999997,4.746544999999999,5.283695,0.0371336,3.25
2019-01-01,2.2,2.5,2.18,,,,,2.18,2019-01-01,120.5,4.116761904761905,3.035009523809524,4.703580952380952,5.307961904761905,0.037826285714285715,3.25
2019-01-05,1.93,2.23,2.04,,,,,2.04,2019-01-01,120.5,4.116761904761905,3.035009523809524,4.703580952380952,5.307961904761905,0.037826285714285715,3.25
2019-01-12,1.92,2.22,2.05,,,,,2.05,2019-01-01,120.5,4.116761904761905,3.035009523809524,4.703580952380952,5.307961904761905,0.037826285714285715,3.25
2019-01-19,1.98,2.28,2.17,,,,,2.17,2019-01-01,120.5,4.116761904761905,3.035009523809524,4.703580952380952,5.307961904761905,0.037826285714285715,3.25
2019-01-26,1.98,2.28,2.18,,,,,2.18,2019-01-01,120.5,4.116761904761905,3.035009523809524,4.703580952380952,5.307961904761905,0.037826285714285715,3.25
2019-02-02,1.93,2.23,2.18,,,,,2.18,2019-02-01,120.8,4.075441176470588,3.009323529411765,4.621058823529411,5.299141176470589,0.03689758823529412,3.25
2019-02-09,1.97,2.27,2.18,,,,,2.18,2019-02-01,120.8,4.075441176470588,3.009323529411765,4.621058823529411,5.299141176470589,0.03689758823529412,3.25
2019-02-16,1.98,2.28,2.18,,,,,2.18,2019-02-01,120.8,4.075441176470588,3.009323529411765,4.621058823529411,5.299141176470589,0.03689758823529412,3.25
2019-02-23,2.08,2.38,2.18,,,,,2.18,2019-02-01,120.8,4.075441176470588,3.009323529411765,4.621058823529411,5.299141176470589,0.03689758823529412,3.25
2019-03-02,2.08,2.43,2.18,,,,,2.18,2019-03-01,121.1,4.079285714285714,3.0125523809523806,4.612385714285715,5.377804761904762,0.03669523809523809,3.25
2019-03-09,2.08,2.46,2.18,,,,,2.18,2019-03-01,121.1,4.079285714285714,3.0125523809523806,4.612385714285715,5.377804761904762,0.03669523809523809,3.25
2019-03-16,2.08,2.54,2.18,,,,,2.18,2019-03-01,121.1,4.079285714285714,3.0125523809523806,4.612385714285715,5.377804761904762,0.03669523809523809,3.25
2019-03-23,2.08,2.61,2.18,,,,,2.18,2019-03-01,121.1,4.079285714285714,3.0125523809523806,4.612385714285715,5.377804761904762,0.03669523809523809,3.25
2019-03-30,2.08,2.63,2.18,,,,,2.18,2019-03-01,121.1,4.079285714285714,3.0125523809523806,4.612385714285715,5.377804761904762,0.03669523809523809,3.25
2019-04-06,2.08,2.63,2.18,,,,,2.18,2019-04-01,121.1,4.113636363636363,3.034077272727273,4.62175,5.359459090909091,0.03683822727272727,3.25
2019-04-13,2.08,2.68,2.18,,,,,2.18,2019-04-01,121.1,4.113636363636363,3.034077272727273,4.62175,5.359459090909091,0.03683822727272727,3.25
2019-04-20,2.08,2.8,2.18,,,,,2.18,2019-04-01,121.1,4.113636363636363,3.034077272727273,4.62175,5.359459090909091,0.03683822727272727,3.25
2019-04-27,2.08,2.81,2.18,,,,,2.18,2019-04-01,121.1,4.113636363636363,3.034077272727273,4.62175,5.359459090909091,0.03683822727272727,3.25
2019-05-04,2.08,2.8,2.18,,,,,2.18,2019-05-01,121.4,4.1698,3.04263,4.66559,5.3642650000000005,0.037921949999999996,3.0
2019-05-11,2.08,2.7,2.18,,,,,2.18,2019-05-01,121.4,4.1698,3.04263,4.66559,5.3642650000000005,0.037921949999999996,3.0
2019-05-18,2.08,2.68,2.18,,,,,2.18,2019-05-01,121.4,4.1698,3.04263,4.66559,5.3642650000000005,0.037921949999999996,3.0
2019-05-25,2.08,2.76,2.18,,,,,2.18,2019-05-01,121.4,4.1698,3.04263,4.66559,5.3642650000000005,0.037921949999999996,3.0
2019-06-01,2.08,2.63,2.18,,,,,2.18,2019-06-01,121.4,4.160972222222222,3.0537944444444443,4.700011111111111,5.2736777777777775,0.03850683333333334,3.0
2019-06-15,2.08,2.41,2.18,,,,,2.18,2019-06-01,121.4,4.160972222222222,3.0537944444444443,4.700011111111111,5.2736777777777775,0.03850683333333334,3.0
2019-06-22,2.08,2.38,2.18,,,,,2.18,2019-06-01,121.4,4.160972222222222,3.0537944444444443,4.700011111111111,5.2736777777777775,0.03850683333333334,3.0
2019-06-29,2.08,2.49,2.18,,,,,2.18,2019-06-01,121.4,4.160972222222222,3.0537944444444443,4.700011111111111,5.2736777777777775,0.03850683333333334,3.0
2019-07-06,2.08,2.53,2.18,,,,,2.18,2019-07-01,121.5,4.124409090909091,3.032040909090909,4.631395454545454,5.155277272727273,0.0381205,3.0
2019-07-13,2.08,2.57,2.18,,,,,2.18,2019-07-01,121.5,4.124409090909091,3.032040909090909,4.631395454545454,5.155277272727273,0.0381205,3.0
2019-07-20,2.08,2.67,2.18,,,,,2.18,2019-07-01,121.5,4.124409090909091,3.032040909090909,4.631395454545454,5.155277272727273,0.0381205,3.0
2019-07-27,2.08,2.56,2.18,,,,,2.18,2019-07-01,121.5,4.124409090909091,3.032040909090909,4.631395454545454,5.155277272727273,0.0381205,3.0
2019-08-03,2.08,2.54,2.18,,,,,2.18,2019-08-01,121.8,4.187,3.023390476190476,4.658476190476191,5.0903238095238095,0.03939147619047619,3.0
2019-08-10,2.08,2.49,2.18,,,,,2.18,2019-08-01,121.8,4.187,3.023390476190476,4.658476190476191,5.0903238095238095,0.03939147619047619,3.0
2019-08-17,2.08,2.49,2.18,,,,,2.18,2019-08-01,121.8,4.187,3.023390476190476,4.658476190476191,5.0903238095238095,0.03939147619047619,3.0
2019-08-24,2.08,2.51,2.18,,,,,2.18,2019-08-01,121.8,4.187,3.023390476190476,4.658476190476191,5.0903238095238095,0.03939147619047619,3.0
2019-08-31,2.08,2.5,2.18,,,,,2.18,2019-08-01,121.8,4.187,3.023390476190476,4.658476190476191,5.0903238095238095,0.03939147619047619,3.0
2019-09-07,2.08,2.5,2.18,,,,,2.18,2019-09-01,121.8,4.1857500000000005,3.0326388888888887,4.6073055555555555,5.170233333333333,0.03893161111111111,3.0
2019-09-14,2.08,2.53,2.18,,,,,2.18,2019-09-01,121.8,4.1857500000000005,3.0326388888888887,4.6073055555555555,5.170233333333333,0.03893161111111111,3.0
2019-09-21,2.08,2.67,2.18,,,,,2.18,2019-09-01,121.8,4.1857500000000005,3.0326388888888887,4.6073055555555555,5.170233333333333,0.03893161111111111,3.0
2019-09-28,2.08,2.79,2.18,,,,,2.18,2019-09-01,121.8,4.1857500000000005,3.0326388888888887,4.6073055555555555,5.170233333333333,0.03893161111111111,3.0
2019-10-05,2.08,2.6,2.18,,,,,2.18,2019-10-01,122.0,4.187477272727272,3.053231818181818,4.625604545454546,5.2822,0.0387345,3.0
2019-10-12,2.08,2.67,2.18,,,,,2.18,2019-10-01,122.0,4.187477272727272,3.053231818181818,4.625604545454546,5.2822,0.0387345,3.0
2019-10-19,2.08,2.68,2.18,,,,,2.18,2019-10-01,122.0,4.187477272727272,3.053231818181818,4.625604545454546,5.2822,0.0387345,3.0
2019-10-26,2.08,2.59,2.18,,,,,2.18,2019-10-01,122.0,4.187477272727272,3.053231818181818,4.625604545454546,5.2822,0.0387345,3.0
2019-11-02,2.08,2.56,2.18,,,,,2.18,2019-11-01,122.1,4.158490476190476,3.0540285714285718,4.596704761904762,5.358847619047618,0.038210857142857144,3.0
2019-11-09,2.08,2.57,2.18,,,,,2.18,2019-11-01,122.1,4.158490476190476,3.0540285714285718,4.596704761904762,5.358847619047618,0.038210857142857144,3.0
2019-11-16,2.08,2.7,2.18,,,,,2.18,2019-11-01,122.1,4.158490476190476,3.0540285714285718,4.596704761904762,5.358847619047618,0.038210857142857144,3.0
2019-11-23,2.08,2.66,2.18,,,,,2.18,2019-11-01,122.1,4.158490476190476,3.0540285714285718,4.596704761904762,5.358847619047618,0.038210857142857144,3.0
2019-11-30,2.08,2.66,2.18,,,,,2.18,2019-11-01,122.1,4.158490476190476,3.0540285714285718,4.596704761904762,5.358847619047618,0.038210857142857144,3.0
2019-12-07,2.08,2.64,2.18,,,,,2.18,2019-12-01,122.3,4.148880952380952,3.0563571428571428,4.608680952380952,5.436314285714285,0.03800585714285715,3.0
2019-12-14,2.08,2.64,2.18,,,,,2.18,2019-12-01,122.3,4.148880952380952,3.0563571428571428,4.608680952380952,5.436314285714285,0.03800585714285715,3.0
2019-12-21,2.08,2.58,2.18,,,,,2.18,2019-12-01,122.3,4.148880952380952,3.0563571428571428,4.608680952380952,5.436314285714285,0.03800585714285715,3.0
2019-12-28,2.08,2.63,2.18,,,,,2.18,2019-12-01,122.3,4.148880952380952,3.0563571428571428,4.608680952380952,5.436314285714285,0.03800585714285715,3.0
2020-01-04,2.08,2.65,2.18,,,,,2.18,2020-01-01,122.4,4.080109523809524,3.0209,4.532852380952381,5.336004761904762,0.03732809523809524,2.75
2020-01-11,2.08,2.62,2.18,,,,,2.18,2020-01-01,122.4,4.080109523809524,3.0209,4.532852380952381,5.336004761904762,0.03732809523809524,2.75
2020-01-18,2.08,2.53,2.18,,,,,2.18,2020-01-01,122.4,4.080109523809524,3.0209,4.532852380952381,5.336004761904762,0.03732809523809524,2.75
2020-01-25,2.08,2.49,2.18,,,,,2.18,2020-01-01,122.4,4.080109523809524,3.0209,4.532852380952381,5.336004761904762,0.03732809523809524,2.75
2020-02-01,2.08,2.41,2.18,,,,,2.18,2020-02-01,122.4,4.1598999999999995,2.994185,4.537495,5.39541,0.03780775,2.75
2020-02-08,2.04,2.34,2.08,,,,,2.08,2020-02-01,122.4,4.1598999999999995,2.994185,4.537495,5.39541,0.03780775,2.75
2020-02-15,2.06,2.36,2.14,,,,,2.14,2020-02-01,122.4,4.1598999999999995,2.994185,4.537495,5.39541,0.03780775,2.75
2020-02-22,2.08,2.38,2.14,,,,,2.14,2020-02-01,122.4,4.1598999999999995,2.994185,4.537495,5.39541,0.03780775,2.75
2020-02-29,2.08,2.4,2.13,,,,,2.13,2020-02-01,122.4,4.1598999999999995,2.994185,4.537495,5.39541,0.03780775,2.75
2020-03-07,1.89,2.19,1.96,,,,,1.96,2020-03-01,120.9,4.29840909090909,3.0346499999999996,4.754554545454545,5.31295909090909,0.03994204545454545,2.5
2020-03-14,1.82,2.1,1.87,,,,,1.87,2020-03-01,120.9,4.29840909090909,3.0346499999999996,4.754554545454545,5.31295909090909,0.03994204545454545,2.5
2020-03-21,1.44,1.74,1.75,,,,,1.75,2020-03-01,120.9,4.29840909090909,3.0346499999999996,4.754554545454545,5.31295909090909,0.03994204545454545,2.5
2020-03-28,1.38,1.68,1.68,,,,,1.68,2020-03-01,120.9,4.29840909090909,3.0346499999999996,4.754554545454545,5.31295909090909,0.03994204545454545,2.5
2020-04-04,1.3,1.6,1.58,,,,,1.58,2020-04-01,117.6,4.3524863636363635,3.0564909090909094,4.731777272727272,5.401840909090909,0.04035622727272727,2.5
2020-04-11,1.25,1.55,1.46,,,,,1.46,2020-04-01,117.6,4.3524863636363635,3.0564909090909094,4.731777272727272,5.401840909090909,0.04035622727272727,2.5
2020-04-18,1.25,1.55,1.43,,,,,1.43,2020-04-01,117.6,4.3524863636363635,3.0564909090909094,4.731777272727272,5.401840909090909,0.04035622727272727,2.5
2020-04-25,1.25,1.55,1.4,,,,,1.4,2020-04-01,117.6,4.3524863636363635,3.0564909090909094,4.731777272727272,5.401840909090909,0.04035622727272727,2.5
2020-05-02,1.25,1.55,1.4,,,,,1.4,2020-05-01,117.9,4.34090625,3.06110625,4.7338000000000005,5.33634375,0.0404865,2.0
2020-05-09,1.25,1.55,1.4,,,,,1.4,2020-05-01,117.9,4.34090625,3.06110625,4.7338000000000005,5.33634375,0.0404865,2.0
2020-05-16,1.31,1.61,1.45,,,,,1.45,2020-05-01,117.9,4.34090625,3.06110625,4.7338000000000005,5.33634375,0.0404865,2.0
2020-05-23,1.38,1.68,1.51,,,,,1.51,2020-05-01,117.9,4.34090625,3.06110625,4.7338000000000005,5.33634375,0.0404865,2.0
2020-05-30,1.43,1.73,1.61,,,,,1.61,2020-05-01,117.9,4.34090625,3.06110625,4.7338000000000005,5.33634375,0.0404865,2.0
2020-06-06,1.48,1.78,1.63,,,,,1.63,2020-06-01,119.1,4.2763333333333335,3.067414285714286,4.813090476190476,5.354395238095238,0.039805,2.0
2020-06-13,1.56,1.86,1.73,,,,,1.73,2020-06-01,119.1,4.2763333333333335,3.067414285714286,4.813090476190476,5.354395238095238,0.039805,2.0
2020-06-20,1.59,1.89,1.77,,,,,1.77,2020-06-01,119.1,4.2763333333333335,3.067414285714286,4.813090476190476,5.354395238095238,0.039805,2.0
2020-06-27,1.69,1.99,1.86,,,,,1.86,2020-06-01,119.1,4.2763333333333335,3.067414285714286,4.813090476190476,5.354395238095238,0.039805,2.0
2020-07-04,1.65,1.95,1.84,,,,,1.84,2020-07-01,119.9,4.266090909090909,3.0731363636363636,4.8797999999999995,5.391931818181818,0.039911363636363634,1.75
2020-07-11,1.72,2.02,1.87,,,,,1.87,2020-07-01,119.9,4.266090909090909,3.0731363636363636,4.8797999999999995,5.391931818181818,0.039911363636363634,1.75
2020-07-18,1.72,2.02,1.87,,,,,1.87,2020-07-01,119.9,4.266090909090909,3.0731363636363636,4.8797999999999995,5.391931818181818,0.039911363636363634,1.75
2020-07-25,1.68,1.98,1.82,,,,,1.82,2020-07-01,119.9,4.266090909090909,3.0731363636363636,4.8797999999999995,5.391931818181818,0.039911363636363634,1.75
2020-08-01,1.68,1.98,1.83,,,,,1.83,2020-08-01,120.1,4.191605263157895,3.0587894736842105,4.95441052631579,5.498484210526316,0.03952294736842105,1.75
2020-08-08,1.63,1.93,1.79,,,,,1.79,2020-08-01,120.1,4.191605263157895,3.0587894736842105,4.95441052631579,5.498484210526316,0.03952294736842105,1.75
2020-08-15,1.68,1.98,1.82,,,,,1.82,2020-08-01,120.1,4.191605263157895,3.0587894736842105,4.95441052631579,5.498484210526316,0.03952294736842105,1.75
2020-08-22,1.71,2.01,1.8,,,,,1.8,2020-08-01,120.1,4.191605263157895,3.0587894736842105,4.95441052631579,5.498484210526316,0.03952294736842105,1.75
2020-08-29,1.72,2.02,1.78,,,,,1.78,2020-08-01,120.1,4.191605263157895,3.0587894736842105,4.95441052631579,5.498484210526316,0.03952294736842105,1.75
2020-09-05,1.71,2.01,1.78,,,,,1.78,2020-09-01,120.1,4.152214285714286,3.039414285714286,4.895928571428572,5.38822380952381,0.03930366666666667,1.75
2020-09-12,1.66,1.96,1.72,,,,,1.72,2020-09-01,120.1,4.152214285714286,3.039414285714286,4.895928571428572,5.38822380952381,0.03930366666666667,1.75
2020-09-19,1.63,1.93,1.67,,,,,1.67,2020-09-01,120.1,4.152214285714286,3.039414285714286,4.895928571428572,5.38822380952381,0.03930366666666667,1.75
2020-09-26,1.68,1.98,1.71,,,,,1.71,2020-09-01,120.1,4.152214285714286,3.039414285714286,4.895928571428572,5.38822380952381,0.03930366666666667,1.75
2020-10-03,1.71,2.01,1.7,,,,,1.7,2020-10-01,120.2,4.152523809523809,3.054438095238095,4.887090476190476,5.388528571428571,0.03943976190476191,1.75
2020-10-10,1.67,1.97,1.69,,,,,1.69,2020-10-01,120.2,4.152523809523809,3.054438095238095,4.887090476190476,5.388528571428571,0.03943976190476191,1.75
2020-10-17,1.68,1.98,1.74,,,,,1.74,2020-10-01,120.2,4.152523809523809,3.054438095238095,4.887090476190476,5.388528571428571,0.03943976190476191,1.75
2020-10-24,1.64,1.94,1.74,,,,,1.74,2020-10-01,120.2,4.152523809523809,3.054438095238095,4.887090476190476,5.388528571428571,0.03943976190476191,1.75
2020-10-31,1.64,1.94,1.74,,,,,1.74,2020-10-01,120.2,4.152523809523809,3.054438095238095,4.887090476190476,5.388528571428571,0.03943976190476191,1.75
2020-11-07,1.61,1.91,1.68,,,,,1.68,2020-11-01,120.0,4.113071428571429,3.051414285714286,4.864633333333334,5.428147619047619,0.039405333333333334,1.75
2020-11-14,1.62,1.92,1.74,,,,,1.74,2020-11-01,120.0,4.113071428571429,3.051414285714286,4.864633333333334,5.428147619047619,0.039405333333333334,1.75
2020-11-21,1.64,1.94,1.81,,,,,1.81,2020-11-01,120.0,4.113071428571429,3.051414285714286,4.864633333333334,5.428147619047619,0.039405333333333334,1.75
2020-11-28,1.67,1.97,1.85,,,,,1.85,2020-11-01,120.0,4.113071428571429,3.051414285714286,4.864633333333334,5.428147619047619,0.039405333333333334,1.75
2020-12-05,1.7,2.0,1.9,,,,,1.9,2020-12-01,120.6,4.0582863636363635,3.0445545454545453,4.9349727272727275,5.450077272727273,0.039092136363636364,1.75
2020-12-12,1.73,2.03,1.93,,,,,1.93,2020-12-01,120.6,4.0582863636363635,3.0445545454545453,4.9349727272727275,5.450077272727273,0.039092136363636364,1.75
2020-12-19,1.78,2.08,1.96,,,,,1.96,2020-12-01,120.6,4.0582863636363635,3.0445545454545453,4.9349727272727275,5.450077272727273,0.039092136363636364,1.75
2020-12-26,1.8,2.1,1.98,,,,,1.98,2020-12-01,120.6,4.0582863636363635,3.0445545454545453,4.9349727272727275,5.450077272727273,0.039092136363636364,1.75
2021-01-02,1.84,2.14,2.01,,,,,2.01,2021-01-01,122.1,4.037868421052631,3.046905263157895,4.918436842105263,5.507142105263158,0.03895031578947369,1.75
2021-01-09,1.84,2.14,2.02,,,,,2.02,2021-01-01,122.1,4.037868421052631,3.046905263157895,4.918436842105263,5.507142105263158,0.03895031578947369,1.75
2021-01-16,1.89,2.19,2.05,,,,,2.05,2021-01-01,122.1,4.037868421052631,3.046905263157895,4.918436842105263,5.507142105263158,0.03895031578947369,1.75
2021-01-23,1.9,2.2,2.09,,,,,2.09,2021-01-01,122.1,4.037868421052631,3.046905263157895,4.918436842105263,5.507142105263158,0.03895031578947369,1.75
2021-01-30,1.9,2.2,2.07,,,,,2.07,2021-01-01,122.1,4.037868421052631,3.046905263157895,4.918436842105263,5.507142105263158,0.03895031578947369,1.75
2021-02-06,1.93,2.23,2.11,,,,,2.11,2021-02-01,122.5,4.047255555555555,3.048872222222222,4.894855555555555,5.613488888888889,0.038414,1.75
2021-02-13,1.96,2.26,2.15,,,,,2.15,2021-02-01,122.5,4.047255555555555,3.048872222222222,4.894855555555555,5.613488888888889,0.038414,1.75
2021-02-20,2.0,2.3,2.15,,,,,2.15,2021-02-01,122.5,4.047255555555555,3.048872222222222,4.894855555555555,5.613488888888889,0.038414,1.75
2021-02-27,2.05,2.35,2.15,,,,,2.15,2021-02-01,122.5,4.047255555555555,3.048872222222222,4.894855555555555,5.613488888888889,0.038414,1.75
2021-03-04,2.05,2.35,2.15,,,,,2.15,2021-03-01,122.9,4.10895652173913,3.0615869565217393,4.894978260869565,5.697321739130435,0.03782817391304348,1.75
2021-03-11,2.05,2.4,2.15,,,,,2.15,2021-03-01,122.9,4.10895652173913,3.0615869565217393,4.894978260869565,5.697321739130435,0.03782817391304348,1.75
2021-03-18,2.05,2.47,2.15,,,,,2.15,2021-03-01,122.9,4.10895652173913,3.0615869565217393,4.894978260869565,5.697321739130435,0.03782817391304348,1.75
2021-03-25,2.05,2.5,2.15,,,,,2.15,2021-03-01,122.9,4.10895652173913,3.0615869565217393,4.894978260869565,5.697321739130435,0.03782817391304348,1.75
2021-04-01,2.05,2.52,2.15,,,,,2.15,2021-04-01,123.1,4.124738095238095,3.0889190476190476,4.928280952380952,5.707647619047619,0.03779947619047619,1.75
2021-04-08,2.05,2.54,2.15,,,,,2.15,2021-04-01,123.1,4.124738095238095,3.0889190476190476,4.928280952380952,5.707647619047619,0.03779947619047619,1.75
2021-04-15,2.05,2.54,2.15,,,,,2.15,2021-04-01,123.1,4.124738095238095,3.0889190476190476,4.928280952380952,5.707647619047619,0.03779947619047619,1.75
2021-04-22,2.05,2.58,2.15,,,,,2.15,2021-04-01,123.1,4.124738095238095,3.0889190476190476,4.928280952380952,5.707647619047619,0.03779947619047619,1.75
2021-04-29,2.05,2.58,2.15,,,,,2.15,2021-04-01,123.1,4.124738095238095,3.0889190476190476,4.928280952380952,5.707647619047619,0.03779947619047619,1.75
2021-05-06,2.05,2.6,2.15,,,,,2.15,2021-05-01,123.1,4.127527777777778,3.1031166666666667,5.010238888888889,5.806527777777777,0.03780788888888889,1.75
2021-05-13,2.05,2.6,2.15,,,,,2.15,2021-05-01,123.1,4.127527777777778,3.1031166666666667,5.010238888888889,5.806527777777777,0.03780788888888889,1.75
2021-05-20,2.05,2.61,2.15,,,,,2.15,2021-05-01,123.1,4.127527777777778,3.1031166666666667,5.010238888888889,5.806527777777777,0.03780788888888889,1.75
2021-05-27,2.05,2.61,2.15,,,,,2.15,2021-05-01,123.1,4.127527777777778,3.1031166666666667,5.010238888888889,5.806527777777777,0.03780788888888889,1.75
2021-06-03,2.05,2.63,2.15,,,,,2.15,2021-06-01,123.2,4.1343000000000005,3.1007904761904763,4.9824,5.801161904761905,0.037539142857142854,1.75
2021-06-10,2.05,2.65,2.15,,,,,2.15,2021-06-01,123.2,4.1343000000000005,3.1007904761904763,4.9824,5.801161904761905,0.037539142857142854,1.75
2021-06-17,2.05,2.67,2.15,,,,,2.15,2021-06-01,123.2,4.1343000000000005,3.1007904761904763,4.9824,5.801161904761905,0.037539142857142854,1.75
2021-06-24,2.05,2.67,2.15,,,,,2.15,2021-06-01,123.2,4.1343000000000005,3.1007904761904763,4.9824,5.801161904761905,0.037539142857142854,1.75
2021-07-01,2.05,2.69,2.15,,,,,2.15,2021-07-01,122.5,4.198966666666667,3.1001238095238093,4.964566666666666,5.7997523809523805,0.03806704761904762,1.75
2021-07-08,2.05,2.7,2.15,,,,,2.15,2021-07-01,122.5,4.198966666666667,3.1001238095238093,4.964566666666666,5.7997523809523805,0.03806704761904762,1.75
2021-07-15,2.05,2.73,2.15,,,,,2.15,2021-07-01,122.5,4.198966666666667,3.1001238095238093,4.964566666666666,5.7997523809523805,0.03806704761904762,1.75
2021-07-22,2.05,2.73,2.15,,,,,2.15,2021-07-01,122.5,4.198966666666667,3.1001238095238093,4.964566666666666,5.7997523809523805,0.03806704761904762,1.75
2021-07-28,2.05,2.74,2.15,,,,,2.15,2021-07-01,122.5,4.198966666666667,3.1001238095238093,4.964566666666666,5.7997523809523805,0.03806704761904762,1.75
2021-08-05,2.05,2.74,2.15,,,,,2.15,2021-08-01,122.5,4.2253,3.11618,4.9721,5.830245,0.03847195,1.75
2021-08-12,2.05,2.74,2.15,,,,,2.15,2021-08-01,122.5,4.2253,3.11618,4.9721,5.830245,0.03847195,1.75
2021-08-19,2.05,2.74,2.15,,,,,2.15,2021-08-01,122.5,4.2253,3.11618,4.9721,5.830245,0.03847195,1.75
2021-08-26,2.05,2.72,2.15,,,,,2.15,2021-08-01,122.5,4.2253,3.11618,4.9721,5.830245,0.03847195,1.75
2021-09-02,2.05,2.72,2.15,,,,,2.15,2021-09-01,122.8,4.167147619047618,3.0910523809523807,4.906238095238096,5.723585714285714,0.03782571428571429,1.75
2021-09-09,2.05,2.73,2.15,,,,,2.15,2021-09-01,122.8,4.167147619047618,3.0910523809523807,4.906238095238096,5.723585714285714,0.03782571428571429,1.75
2021-09-16,2.05,2.73,2.15,,,,,2.15,2021-09-01,122.8,4.167147619047618,3.0910523809523807,4.906238095238096,5.723585714285714,0.03782571428571429,1.75
2021-09-23,2.05,2.75,2.15,,,,,2.15,2021-09-01,122.8,4.167147619047618,3.0910523809523807,4.906238095238096,5.723585714285714,0.03782571428571429,1.75
2021-09-30,2.05,2.76,2.15,,,,,2.15,2021-09-01,122.8,4.167147619047618,3.0910523809523807,4.906238095238096,5.723585714285714,0.03782571428571429,1.75
2021-10-07,2.05,2.77,2.15,,,,,2.15,2021-10-01,123.7,4.163825,3.0809,4.829555,5.69589,0.03684035,1.75
2021-10-14,2.05,2.87,2.15,,,,,2.15,2021-10-01,123.7,4.163825,3.0809,4.829555,5.69589,0.03684035,1.75
2021-10-21,2.05,2.87,2.15,,,,,2.15,2021-10-01,123.7,4.163825,3.0809,4.829555,5.69589,0.03684035,1.75
2021-10-28,2.05,2.97,2.15,,,,,2.15,2021-10-01,123.7,4.163825,3.0809,4.829555,5.69589,0.03684035,1.75
2021-11-04,2.05,3.06,2.15,,,,,2.15,2021-11-01,124.0,4.178704761904762,3.079685714285714,4.7661428571428575,5.6223809523809525,0.0366092380952381,1.75
2021-11-11,2.05,3.08,2.15,,,,,2.15,2021-11-01,124.0,4.178704761904762,3.079685714285714,4.7661428571428575,5.6223809523809525,0.0366092380952381,1.75
2021-11-18,2.05,3.08,2.15,,,,,2.15,2021-11-01,124.0,4.178704761904762,3.079685714285714,4.7661428571428575,5.6223809523809525,0.0366092380952381,1.75
2021-11-25,2.05,3.05,2.15,,,,,2.15,2021-11-01,124.0,4.178704761904762,3.079685714285714,4.7661428571428575,5.6223809523809525,0.0366092380952381,1.75
2021-12-02,2.05,3.02,2.15,,,,,2.15,2021-12-01,124.5,4.211978260869565,3.0897869565217393,4.7613521739130436,5.604169565217391,0.036982347826086955,1.75
2021-12-09,2.05,2.99,2.15,,,,,2.15,2021-12-01,124.5,4.211978260869565,3.0897869565217393,4.7613521739130436,5.604169565217391,0.036982347826086955,1.75
2021-12-16,2.05,3.0,2.15,,,,,2.15,2021-12-01,124.5,4.211978260869565,3.0897869565217393,4.7613521739130436,5.604169565217391,0.036982347826086955,1.75
2021-12-23,2.05,2.99,2.15,,,,,2.15,2021-12-01,124.5,4.211978260869565,3.0897869565217393,4.7613521739130436,5.604169565217391,0.036982347826086955,1.75
2021-12-30,2.05,3.0,2.15,,,,,2.15,2021-12-01,124.5,4.211978260869565,3.0897869565217393,4.7613521739130436,5.604169565217391,0.036982347826086955,1.75
2022-01-06,2.05,3.03,2.15,,,,,2.15,2022-01-01,124.9,4.19044,3.10234,4.743205,5.680285,0.036471199999999995,1.75
2022-01-13,2.05,3.07,2.15,,,,,2.15,2022-01-01,124.9,4.19044,3.10234,4.743205,5.680285,0.036471199999999995,1.75
2022-01-20,2.05,3.07,2.15,,,,,2.15,2022-01-01,124.9,4.19044,3.10234,4.743205,5.680285,0.036471199999999995,1.75
2022-01-27,2.05,3.12,2.15,,,,,2.15,2022-01-01,124.9,4.19044,3.10234,4.743205,5.680285,0.036471199999999995,1.75
2022-02-03,2.05,3.12,2.15,,,,,2.15,2022-02-01,125.2,4.187105555555555,3.1099833333333335,4.751827777777778,5.6703777777777775,0.03632633333333333,1.75
2022-02-10,2.05,3.21,2.15,,,,,2.15,2022-02-01,125.2,4.187105555555555,3.1099833333333335,4.751827777777778,5.6703777777777775,0.03632633333333333,1.75
2022-02-17,2.05,3.27,2.15,,,,,2.15,2022-02-01,125.2,4.187105555555555,3.1099833333333335,4.751827777777778,5.6703777777777775,0.03632633333333333,1.75
2022-02-24,2.05,3.29,2.15,,,,,2.15,2022-02-01,125.2,4.187105555555555,3.1099833333333335,4.751827777777778,5.6703777777777775,0.03632633333333333,1.75
2022-03-03,2.05,3.45,2.15,,,,,2.15,2022-03-01,125.6,4.200021739130435,3.089695652173913,4.627491304347826,5.532686956521739,0.03545360869565218,1.75
2022-03-10,2.05,3.75,2.15,,,,,2.15,2022-03-01,125.6,4.200021739130435,3.089695652173913,4.627491304347826,5.532686956521739,0.03545360869565218,1.75
2022-03-17,2.05,4.0,2.15,,,,,2.15,2022-03-01,125.6,4.200021739130435,3.089695652173913,4.627491304347826,5.532686956521739,0.03545360869565218,1.75
2022-03-24,2.05,3.83,2.15,,,,,2.15,2022-03-01,125.6,4.200021739130435,3.089695652173913,4.627491304347826,5.532686956521739,0.03545360869565218,1.75
2022-03-31,2.05,3.91,2.15,,,,,2.15,2022-03-01,125.6,4.200021739130435,3.089695652173913,4.627491304347826,5.532686956521739,0.03545360869565218,1.75
2022-04-07,2.05,3.81,2.15,,,,,2.15,2022-04-01,125.9,4.266375,3.124435,4.61851,5.525875,0.03384265,1.75
2022-04-14,2.05,3.81,2.15,,,,,2.15,2022-04-01,125.9,4.266375,3.124435,4.61851,5.525875,0.03384265,1.75
2022-04-21,2.05,3.81,2.15,,,,,2.15,2022-04-01,125.9,4.266375,3.124435,4.61851,5.525875,0.03384265,1.75
2022-04-28,2.05,3.94,2.15,,,,,2.15,2022-04-01,125.9,4.266375,3.124435,4.61851,5.525875,0.03384265,1.75
2022-05-05,2.05,3.94,2.15,,,,,2.15,2022-05-01,126.6,4.384155555555555,3.172688888888889,4.643061111111111,5.458155555555556,0.03407555555555555,2.0
2022-05-12,2.05,4.31,2.15,,,,,2.15,2022-05-01,126.6,4.384155555555555,3.172688888888889,4.643061111111111,5.458155555555556,0.03407555555555555,2.0
2022-05-19,2.05,4.33,2.15,,,,,2.15,2022-05-01,126.6,4.384155555555555,3.172688888888889,4.643061111111111,5.458155555555556,0.03407555555555555,2.0
2022-05-26,2.05,4.7,2.15,,,,,2.15,2022-05-01,126.6,4.384155555555555,3.172688888888889,4.643061111111111,5.458155555555556,0.03407555555555555,2.0
2022-06-02,2.05,4.7,2.15,,,,,2.15,2022-06-01,127.4,4.399904761904762,3.1786095238095236,4.649585714285714,5.423647619047618,0.03283666666666667,2.0
2022-06-09,2.05,4.72,2.15,,,,,2.15,2022-06-01,127.4,4.399904761904762,3.1786095238095236,4.649585714285714,5.423647619047618,0.03283666666666667,2.0
2022-06-16,2.05,4.83,2.15,,,,,2.15,2022-06-01,127.4,4.399904761904762,3.1786095238095236,4.649585714285714,5.423647619047618,0.03283666666666667,2.0
2022-06-23,2.05,4.84,2.15,,,,,2.15,2022-06-01,127.4,4.399904761904762,3.1786095238095236,4.649585714285714,5.423647619047618,0.03283666666666667,2.0
2022-06-30,2.05,4.84,2.15,,,,,2.15,2022-06-01,127.4,4.399904761904762,3.1786095238095236,4.649585714285714,5.423647619047618,0.03283666666666667,2.0
2022-07-07,2.05,4.8,2.15,,,,,2.15,2022-07-01,127.9,4.4393,3.1821550000000003,4.5255,5.32607,0.03244895,2.25
2022-07-14,2.05,4.75,2.15,,,,,2.15,2022-07-01,127.9,4.4393,3.1821550000000003,4.5255,5.32607,0.03244895,2.25
2022-07-21,2.05,4.65,2.15,,,,,2.15,2022-07-01,127.9,4.4393,3.1821550000000003,4.5255,5.32607,0.03244895,2.25
2022-07-28,2.05,4.55,2.15,,,,,2.15,2022-07-01,127.9,4.4393,3.1821550000000003,4.5255,5.32607,0.03244895,2.25
2022-08-04,2.05,4.5,2.15,,,,,2.15,2022-08-01,128.2,4.465545454545455,3.2277090909090913,4.524313636363636,5.361504545454546,0.033094818181818184,2.25
2022-08-11,2.05,4.4,2.15,,,,,2.15,2022-08-01,128.2,4.465545454545455,3.2277090909090913,4.524313636363636,5.361504545454546,0.033094818181818184,2.25
2022-08-18,2.05,4.35,2.15,,,,,2.15,2022-08-01,128.2,4.465545454545455,3.2277090909090913,4.524313636363636,5.361504545454546,0.033094818181818184,2.25
2022-08-25,2.05,4.3,2.15,,,,,2.15,2022-08-01,128.2,4.465545454545455,3.2277090909090913,4.524313636363636,5.361504545454546,0.033094818181818184,2.25
2022-09-01,2.05,4.3,2.15,,,,,2.15,2022-09-01,128.3,4.541190476190476,3.213995238095238,4.495328571428571,5.137219047619048,0.03176285714285714,2.5
2022-09-08,2.05,4.2,2.15,,,,,2.15,2022-09-01,128.3,4.541190476190476,3.213995238095238,4.495328571428571,5.137219047619048,0.03176285714285714,2.5
2022-09-14,2.05,4.15,2.15,,,,,2.15,2022-09-01,128.3,4.541190476190476,3.213995238095238,4.495328571428571,5.137219047619048,0.03176285714285714,2.5
2022-09-22,2.05,4.05,2.15,,,,,2.15,2022-09-01,128.3,4.541190476190476,3.213995238095238,4.495328571428571,5.137219047619048,0.03176285714285714,2.5
2022-09-29,2.05,4.0,2.15,,,,,2.15,2022-09-01,128.3,4.541190476190476,3.213995238095238,4.495328571428571,5.137219047619048,0.03176285714285714,2.5
2022-10-06,2.05,3.95,2.15,,,,,2.15,2022-10-01,128.6,4.69278947368421,3.2954736842105263,4.620052631578948,5.304752631578947,0.03192136842105263,2.5
2022-10-13,2.05,3.95,2.15,,,,,2.15,2022-10-01,128.6,4.69278947368421,3.2954736842105263,4.620052631578948,5.304752631578947,0.03192136842105263,2.5
2022-10-20,2.05,3.95,2.15,,,,,2.15,2022-10-01,128.6,4.69278947368421,3.2954736842105263,4.620052631578948,5.304752631578947,0.03192136842105263,2.5
2022-10-27,2.05,3.95,2.15,,,,,2.15,2022-10-01,128.6,4.69278947368421,3.2954736842105263,4.620052631578948,5.304752631578947,0.03192136842105263,2.5
2022-11-03,2.05,3.95,2.15,,,,,2.15,2022-11-01,129.0,4.63075,3.332495,4.7062,5.4163049999999995,0.032430549999999995,2.75
2022-11-10,2.05,3.95,2.15,,,,,2.15,2022-11-01,129.0,4.63075,3.332495,4.7062,5.4163049999999995,0.032430549999999995,2.75
2022-11-17,2.05,3.95,2.15,,,,,2.15,2022-11-01,129.0,4.63075,3.332495,4.7062,5.4163049999999995,0.032430549999999995,2.75
2022-11-24,2.05,3.95,2.15,,,,,2.15,2022-11-01,129.0,4.63075,3.332495,4.7062,5.4163049999999995,0.032430549999999995,2.75
2022-12-01,2.05,3.85,2.15,,,,,2.15,2022-12-01,129.2,4.413595238095239,3.263838095238095,4.668857142857143,5.3743952380952384,0.03264842857142857,2.75
2022-12-08,2.05,3.75,2.15,,,,,2.15,2022-12-01,129.2,4.413595238095239,3.263838095238095,4.668857142857143,5.3743952380952384,0.03264842857142857,2.75
2022-12-15,2.05,3.55,2.15,,,,,2.15,2022-12-01,129.2,4.413595238095239,3.263838095238095,4.668857142857143,5.3743952380952384,0.03264842857142857,2.75
2022-12-22,2.05,3.35,2.15,,,,,2.15,2022-12-01,129.2,4.413595238095239,3.263838095238095,4.668857142857143,5.3743952380952384,0.03264842857142857,2.75
2022-12-29,2.05,3.35,2.15,,,,,2.15,2022-12-01,129.2,4.413595238095239,3.263838095238095,4.668857142857143,5.3743952380952384,0.03264842857142857,2.75
2023-01-05,2.05,3.35,2.15,,,,,2.15,2023-01-01,129.5,4.3307631578947365,3.266157894736842,4.663921052631578,5.291373684210527,0.03323742105263158,2.75
2023-01-12,2.05,3.35,2.15,,,,,2.15,2023-01-01,129.5,4.3307631578947365,3.266157894736842,4.663921052631578,5.291373684210527,0.03323742105263158,2.75
2023-01-19,2.05,3.35,2.15,,,,,2.15,2023-01-01,129.5,4.3307631578947365,3.266157894736842,4.663921052631578,5.291373684210527,0.03323742105263158,2.75
2023-01-26,2.05,3.35,2.15,,,,,2.15,2023-01-01,129.5,4.3307631578947365,3.266157894736842,4.663921052631578,5.291373684210527,0.03323742105263158,2.75
2023-02-02,2.05,3.35,2.15,,,,,2.15,2023-02-01,129.8,4.3733611111111115,3.2836111111111115,4.681911111111111,5.284433333333333,0.03288905555555555,2.75
2023-02-09,2.05,3.35,2.15,,,,,2.15,2023-02-01,129.8,4.3733611111111115,3.2836111111111115,4.681911111111111,5.284433333333333,0.03288905555555555,2.75
2023-02-16,2.05,3.35,2.15,,,,,2.15,2023-02-01,129.8,4.3733611111111115,3.2836111111111115,4.681911111111111,5.284433333333333,0.03288905555555555,2.75
2023-02-23,2.05,3.35,2.15,,,,,2.15,2023-02-01,129.8,4.3733611111111115,3.2836111111111115,4.681911111111111,5.284433333333333,0.03288905555555555,2.75
2023-03-02,2.05,3.35,2.15,,,,,2.15,2023-03-01,129.9,4.467630434782609,3.3310391304347826,4.7829304347826085,5.420669565217391,0.033403999999999996,2.75
2023-03-09,2.05,3.35,2.15,,,,,2.15,2023-03-01,129.9,4.467630434782609,3.3310391304347826,4.7829304347826085,5.420669565217391,0.033403999999999996,2.75
2023-03-16,2.05,3.35,2.15,,,,,2.15,2023-03-01,129.9,4.467630434782609,3.3310391304347826,4.7829304347826085,5.420669565217391,0.033403999999999996,2.75
2023-03-23,2.05,3.35,2.15,,,,,2.15,2023-03-01,129.9,4.467630434782609,3.3310391304347826,4.7829304347826085,5.420669565217391,0.033403999999999996,2.75
2023-03-30,2.05,3.35,2.15,,,,,2.15,2023-03-01,129.9,4.467630434782609,3.3310391304347826,4.7829304347826085,5.420669565217391,0.033403999999999996,2.75
2023-04-06,2.05,3.35,2.15,,,,,2.15,2023-04-01,130.0,4.4214722222222225,3.320683333333333,4.844127777777778,5.498577777777778,0.03318761111111111,2.75
2023-04-13,2.05,3.35,2.15,,,,,2.15,2023-04-01,130.0,4.4214722222222225,3.320683333333333,4.844127777777778,5.498577777777778,0.03318761111111111,2.75
2023-04-20,2.05,3.35,2.15,,,,,2.15,2023-04-01,130.0,4.4214722222222225,3.320683333333333,4.844127777777778,5.498577777777778,0.03318761111111111,2.75
2023-04-27,2.05,3.35,2.15,,,,,2.15,2023-04-01,130.0,4.4214722222222225,3.320683333333333,4.844127777777778,5.498577777777778,0.03318761111111111,2.75
2023-05-04,2.05,3.35,2.15,,,,,2.15,2023-05-01,130.2,4.5205,3.3743571428571433,4.911447619047619,5.641485714285714,0.03295557142857143,3.0
2023-05-11,2.05,3.35,2.15,,,,,2.15,2023-05-01,130.2,4.5205,3.3743571428571433,4.911447619047619,5.641485714285714,0.03295557142857143,3.0
2023-05-18,2.05,3.35,2.15,,,,,2.15,2023-05-01,130.2,4.5205,3.3743571428571433,4.911447619047619,5.641485714285714,0.03295557142857143,3.0
2023-05-25,2.05,3.35,2.15,,,,,2.15,2023-05-01,130.2,4.5205,3.3743571428571433,4.911447619047619,5.641485714285714,0.03295557142857143,3.0
2023-06-01,2.05,3.37,2.15,,,,,2.15,2023-06-01,130.4,4.6320500000000004,3.4417549999999997,5.0211,5.852365000000001,0.032831149999999996,3.0
2023-06-08,2.05,3.37,2.15,,,,,2.15,2023-06-01,130.4,4.6320500000000004,3.4417549999999997,5.0211,5.852365000000001,0.032831149999999996,3.0
2023-06-15,2.05,3.37,2.15,,,,,2.15,2023-06-01,130.4,4.6320500000000004,3.4417549999999997,5.0211,5.852365000000001,0.032831149999999996,3.0
2023-06-22,2.05,3.37,2.15,,,,,2.15,2023-06-01,130.4,4.6320500000000004,3.4417549999999997,5.0211,5.852365000000001,0.032831149999999996,3.0
2023-06-29,2.05,3.37,2.15,,,,,2.15,2023-06-01,130.4,4.6320500000000004,3.4417549999999997,5.0211,5.852365000000001,0.032831149999999996,3.0
2023-07-06,2.05,3.37,2.15,,,,,2.15,2023-07-01,130.5,4.598415,3.44283,5.0794,5.918415,0.0325801,3.0
2023-07-13,2.05,3.37,2.15,,,,,2.15,2023-07-01,130.5,4.598415,3.44283,5.0794,5.918415,0.0325801,3.0
2023-07-20,2.05,3.37,2.15,,,,,2.15,2023-07-01,130.5,4.598415,3.44283,5.0794,5.918415,0.0325801,3.0
2023-07-27,2.05,3.37,2.15,,,,,2.15,2023-07-01,130.5,4.598415,3.44283,5.0794,5.918415,0.0325801,3.0
2023-08-03,2.05,3.37,2.15,,,,,2.15,2023-08-01,130.7,4.6062045454545455,3.4117954545454547,5.026722727272728,5.855059090909091,0.03183709090909091,3.0
2023-08-10,2.05,3.37,2.15,,,,,2.15,2023-08-01,130.7,4.6062045454545455,3.4117954545454547,5.026722727272728,5.855059090909091,0.03183709090909091,3.0
2023-08-17,2.05,3.37,2.15,,,,,2.15,2023-08-01,130.7,4.6062045454545455,3.4117954545454547,5.026722727272728,5.855059090909091,0.03183709090909091,3.0
2023-08-24,2.05,3.37,2.15,,,,,2.15,2023-08-01,130.7,4.6062045454545455,3.4117954545454547,5.026722727272728,5.855059090909091,0.03183709090909091,3.0
2023-08-31,2.05,3.37,2.15,,,,,2.15,2023-08-01,130.7,4.6062045454545455,3.4117954545454547,5.026722727272728,5.855059090909091,0.03183709090909091,3.0
2023-09-07,2.05,3.37,2.15,,,,,2.15,2023-09-01,130.8,4.67845,3.433105,5.002635,5.8105649999999995,0.031708599999999997,3.0
2023-09-14,2.05,3.37,2.15,,,,,2.15,2023-09-01,130.8,4.67845,3.433105,5.002635,5.8105649999999995,0.031708599999999997,3.0
2023-09-21,2.05,3.37,2.15,,,,,2.15,2023-09-01,130.8,4.67845,3.433105,5.002635,5.8105649999999995,0.031708599999999997,3.0
2023-09-28,2.05,3.37,2.15,,,,,2.15,2023-09-01,130.8,4.67845,3.433105,5.002635,5.8105649999999995,0.031708599999999997,3.0
2023-10-05,2.05,3.37,2.15,,,,,2.15,2023-10-01,130.9,4.746331818181819,3.467409090909091,5.013704545454545,5.777868181818182,0.031751545454545456,3.0
2023-10-12,2.05,3.37,2.15,,,,,2.15,2023-10-01,130.9,4.746331818181819,3.467409090909091,5.013704545454545,5.777868181818182,0.031751545454545456,3.0
2023-10-19,2.05,3.47,2.15,,,,,2.15,2023-10-01,130.9,4.746331818181819,3.467409090909091,5.013704545454545,5.777868181818182,0.031751545454545456,3.0
2023-10-26,2.05,3.47,2.15,,,,,2.15,2023-10-01,130.9,4.746331818181819,3.467409090909091,5.013704545454545,5.777868181818182,0.031751545454545456,3.0
2023-11-02,2.05,3.47,2.15,,,,,2.15,2023-11-01,130.9,4.687728571428572,3.476138095238095,5.067176190476191,5.821419047619047,0.031303095238095234,3.0
2023-11-09,2.05,3.47,2.15,,,,,2.15,2023-11-01,130.9,4.687728571428572,3.476138095238095,5.067176190476191,5.821419047619047,0.031303095238095234,3.0
2023-11-16,2.05,3.47,2.15,,,,,2.15,2023-11-01,130.9,4.687728571428572,3.476138095238095,5.067176190476191,5.821419047619047,0.031303095238095234,3.0
2023-11-23,2.05,3.47,2.15,,,,,2.15,2023-11-01,130.9,4.687728571428572,3.476138095238095,5.067176190476191,5.821419047619047,0.031303095238095234,3.0
2023-11-30,2.05,3.47,2.15,,,,,2.15,2023-11-01,130.9,4.687728571428572,3.476138095238095,5.067176190476191,5.821419047619047,0.031303095238095234,3.0
2023-12-07,2.05,3.47,2.15,,,,,2.15,2023-12-01,131.2,4.658765000000001,3.49637,5.0820799999999995,5.896565,0.03233295,3.0
2023-12-14,2.05,3.47,2.15,,,,,2.15,2023-12-01,131.2,4.658765000000001,3.49637,5.0820799999999995,5.896565,0.03233295,3.0
2023-12-21,2.05,3.47,2.15,,,,,2.15,2023-12-01,131.2,4.658765000000001,3.49637,5.0820799999999995,5.896565,0.03233295,3.0
2023-12-28,2.05,3.47,2.15,,,,,2.15,2023-12-01,131.2,4.658765000000001,3.49637,5.0820799999999995,5.896565,0.03233295,3.0
2024-01-04,2.05,3.47,2.15,,,,,2.15,2024-01-01,131.4,4.681619047619047,3.506961904761905,5.109128571428572,5.948347619047619,0.03208709523809524,3.0
2024-01-11,2.05,3.47,2.15,,,,,2.15,2024-01-01,131.4,4.681619047619047,3.506961904761905,5.109128571428572,5.948347619047619,0.03208709523809524,3.0
2024-01-18,2.05,3.47,2.15,,,,,2.15,2024-01-01,131.4,4.681619047619047,3.506961904761905,5.109128571428572,5.948347619047619,0.03208709523809524,3.0
2024-01-25,2.05,3.47,2.15,,,,,2.15,2024-01-01,131.4,4.681619047619047,3.506961904761905,5.109128571428572,5.948347619047619,0.03208709523809524,3.0
2024-02-01,2.05,3.47,2.15,,,,,2.15,2024-02-01,132.1,4.772763157894737,3.5487684210526313,5.150789473684211,6.0270789473684205,0.031904947368421054,3.0
2024-02-08,2.05,3.47,2.15,,,,,2.15,2024-02-01,132.1,4.772763157894737,3.5487684210526313,5.150789473684211,6.0270789473684205,0.031904947368421054,3.0
2024-02-15,2.05,3.47,2.15,,,,,2.15,2024-02-01,132.1,4.772763157894737,3.5487684210526313,5.150789473684211,6.0270789473684205,0.031904947368421054,3.0
2024-02-22,2.05,3.47,2.15,,,,,2.15,2024-02-01,132.1,4.772763157894737,3.5487684210526313,5.150789473684211,6.0270789473684205,0.031904947368421054,3.0
2024-02-29,2.05,3.47,2.15,,,,,2.15,2024-02-01,132.1,4.772763157894737,3.5487684210526313,5.150789473684211,6.0270789473684205,0.031904947368421054,3.0
2024-03-07,2.05,3.47,2.15,,,,,2.15,2024-03-01,132.2,4.7155000000000005,3.51896,5.128525,5.99707,0.03152825,3.0
2024-03-14,2.05,3.47,2.15,,,,,2.15,2024-03-01,132.2,4.7155000000000005,3.51896,5.128525,5.99707,0.03152825,3.0
2024-03-21,2.05,3.47,2.15,,,,,2.15,2024-03-01,132.2,4.7155000000000005,3.51896,5.128525,5.99707,0.03152825,3.0
2024-03-28,2.05,3.47,2.15,,,,,2.15,2024-03-01,132.2,4.7155000000000005,3.51896,5.128525,5.99707,0.03152825,3.0
2024-04-04,2.05,3.47,2.15,,,,,2.15,2024-04-01,132.4,4.767799999999999,3.513485,5.11254,5.966905,0.031010450000000002,3.0
2024-04-11,2.05,3.47,2.15,,,,,2.15,2024-04-01,132.4,4.767799999999999,3.513485,5.11254,5.966905,0.031010450000000002,3.0
2024-04-18,2.05,3.47,2.15,,,,,2.15,2024-04-01,132.4,4.767799999999999,3.513485,5.11254,5.966905,0.031010450000000002,3.0
2024-04-25,2.05,3.47,2.15,,,,,2.15,2024-04-01,132.4,4.767799999999999,3.513485,5.11254,5.966905,0.031010450000000002,3.0
2024-05-02,2.05,3.47,2.15,,,,,2.15,2024-05-01,132.8,4.718804761904762,3.4923095238095234,5.09962380952381,5.959961904761904,0.030290857142857144,3.0
2024-05-09,2.05,3.47,2.15,,,,,2.15,2024-05-01,132.8,4.718804761904762,3.4923095238095234,5.09962380952381,5.959961904761904,0.030290857142857144,3.0
2024-05-16,2.05,3.47,2.15,,,,,2.15,2024-05-01,132.8,4.718804761904762,3.4923095238095234,5.09962380952381,5.959961904761904,0.030290857142857144,3.0
2024-05-23,2.05,3.47,2.15,,,,,2.15,2024-05-01,132.8,4.718804761904762,3.4923095238095234,5.09962380952381,5.959961904761904,0.030290857142857144,3.0
2024-05-30,2.05,3.47,2.15,,,,,2.15,2024-05-01,132.8,4.718804761904762,3.4923095238095234,5.09962380952381,5.959961904761904,0.030290857142857144,3.0
2024-06-06,2.05,3.47,2.15,,,,,2.15,2024-06-01,133.0,4.71035,3.4843888888888888,5.072405555555556,5.991322222222222,0.029839222222222222,3.0
2024-06-10,2.05,3.47,3.35,,,2.15,,2.15,2024-06-01,133.0,4.71035,3.4843888888888888,5.072405555555556,5.991322222222222,0.029839222222222222,3.0
2024-06-13,2.05,3.47,3.35,,,2.15,,2.15,2024-06-01,133.0,4.71035,3.4843888888888888,5.072405555555556,5.991322222222222,0.029839222222222222,3.0
2024-06-20,2.05,3.47,3.35,,,2.15,,2.15,2024-06-01,133.0,4.71035,3.4843888888888888,5.072405555555556,5.991322222222222,0.029839222222222222,3.0
2024-06-27,2.05,3.47,3.35,,,2.15,,2.15,2024-06-01,133.0,4.71035,3.4843888888888888,5.072405555555556,5.991322222222222,0.029839222222222222,3.0
2024-07-04,2.05,3.47,3.35,,,2.15,,2.15,2024-07-01,133.1,4.6816818181818185,3.476213636363636,5.0755681818181815,6.017745454545454,0.029650863636363635,3.0
2024-07-11,2.05,3.47,3.35,,,2.15,,2.15,2024-07-01,133.1,4.6816818181818185,3.476213636363636,5.0755681818181815,6.017745454545454,0.029650863636363635,3.0
2024-07-18,2.05,3.47,3.35,,,2.15,,2.15,2024-07-01,133.1,4.6816818181818185,3.476213636363636,5.0755681818181815,6.017745454545454,0.029650863636363635,3.0
2024-07-25,2.05,3.47,3.35,,,2.15,,2.15,2024-07-01,133.1,4.6816818181818185,3.476213636363636,5.0755681818181815,6.017745454545454,0.029650863636363635,3.0
2024-08-01,2.05,3.47,3.35,,,2.15,,2.15,2024-08-01,133.2,4.419386363636364,3.3572863636363635,4.867631818181819,5.715040909090909,0.030212363636363638,3.0
2024-08-08,2.05,3.47,3.3,,,2.15,,2.15,2024-08-01,133.2,4.419386363636364,3.3572863636363635,4.867631818181819,5.715040909090909,0.030212363636363638,3.0
2024-08-15,2.05,3.47,3.25,,,2.15,,2.15,2024-08-01,133.2,4.419386363636364,3.3572863636363635,4.867631818181819,5.715040909090909,0.030212363636363638,3.0
2024-08-22,2.05,3.47,3.23,,,2.15,,2.15,2024-08-01,133.2,4.419386363636364,3.3572863636363635,4.867631818181819,5.715040909090909,0.030212363636363638,3.0
2024-08-29,2.05,3.42,3.18,,,2.15,,2.15,2024-08-01,133.2,4.419386363636364,3.3572863636363635,4.867631818181819,5.715040909090909,0.030212363636363638,3.0
2024-09-05,2.05,3.4,3.16,,,2.15,,2.15,2024-09-01,133.2,4.268775,3.29048,4.738195,5.637035,0.02975685,3.0
2024-09-12,2.05,3.25,3.01,,,2.15,,2.15,2024-09-01,133.2,4.268775,3.29048,4.738195,5.637035,0.02975685,3.0
2024-09-19,2.05,3.19,2.95,,,2.15,,2.15,2024-09-01,133.2,4.268775,3.29048,4.738195,5.637035,0.02975685,3.0
2024-09-26,2.05,3.19,2.95,,,2.15,,2.15,2024-09-01,133.2,4.268775,3.29048,4.738195,5.637035,0.02975685,3.0
2024-10-03,2.05,3.19,2.95,,,2.15,,2.15,2024-10-01,133.4,4.2920454545454545,3.279459090909091,4.681772727272727,5.608672727272727,0.028727818181818184,3.0
2024-10-10,2.05,3.19,2.95,,,2.15,,2.15,2024-10-01,133.4,4.2920454545454545,3.279459090909091,4.681772727272727,5.608672727272727,0.028727818181818184,3.0
2024-10-17,2.05,3.19,2.95,,,2.15,,2.15,2024-10-01,133.4,4.2920454545454545,3.279459090909091,4.681772727272727,5.608672727272727,0.028727818181818184,3.0
2024-10-24,2.05,3.19,2.95,,,2.15,,2.15,2024-10-01,133.4,4.2920454545454545,3.279459090909091,4.681772727272727,5.608672727272727,0.028727818181818184,3.0
2024-10-31,2.05,3.19,2.95,,,2.15,,2.15,2024-10-01,133.4,4.2920454545454545,3.279459090909091,4.681772727272727,5.608672727272727,0.028727818181818184,3.0
2024-11-07,2.05,3.19,2.95,,,2.15,,2.15,2024-11-01,133.3,4.434452380952381,3.3189571428571427,4.715961904761905,5.654642857142857,0.028852714285714284,3.0
2024-11-14,2.05,3.19,2.95,,,2.15,,2.15,2024-11-01,133.3,4.434452380952381,3.3189571428571427,4.715961904761905,5.654642857142857,0.028852714285714284,3.0
2024-11-21,2.05,3.19,2.95,,,2.15,,2.15,2024-11-01,133.3,4.434452380952381,3.3189571428571427,4.715961904761905,5.654642857142857,0.028852714285714284,3.0
2024-11-28,2.05,3.19,2.95,,,2.15,,2.15,2024-11-01,133.3,4.434452380952381,3.3189571428571427,4.715961904761905,5.654642857142857,0.028852714285714284,3.0
2024-12-05,2.05,3.19,2.95,,,2.15,,2.15,2024-12-01,133.4,4.45854761904762,3.303038095238095,4.670966666666667,5.638390476190476,0.029029238095238094,3.0
2024-12-12,2.05,3.19,2.95,,,2.15,,2.15,2024-12-01,133.4,4.45854761904762,3.303038095238095,4.670966666666667,5.638390476190476,0.029029238095238094,3.0
2024-12-19,2.05,3.22,2.95,,,2.15,,2.15,2024-12-01,133.4,4.45854761904762,3.303038095238095,4.670966666666667,5.638390476190476,0.029029238095238094,3.0
2024-12-26,2.05,3.25,2.95,,,2.15,,2.15,2024-12-01,133.4,4.45854761904762,3.303038095238095,4.670966666666667,5.638390476190476,0.029029238095238094,3.0
2025-01-02,2.05,3.28,2.98,,,2.15,,2.15,2025-01-01,133.6,4.475275,3.2843449999999996,4.62878,5.523845,0.0285548,3.0
2025-01-09,2.05,3.33,3.03,,,2.15,,2.15,2025-01-01,133.6,4.475275,3.2843449999999996,4.62878,5.523845,0.0285548,3.0
2025-01-16,2.05,3.38,3.08,,,2.15,,2.15,2025-01-01,133.6,4.475275,3.2843449999999996,4.62878,5.523845,0.0285548,3.0
2025-01-23,2.05,3.43,3.13,,,2.15,,2.15,2025-01-01,133.6,4.475275,3.2843449999999996,4.62878,5.523845,0.0285548,3.0
2025-01-30,2.05,3.43,3.18,,,2.15,,2.15,2025-01-01,133.6,4.475275,3.2843449999999996,4.62878,5.523845,0.0285548,3.0
2025-02-06,2.05,3.43,3.18,,,2.15,,2.15,2025-02-01,134.1,4.44228947368421,3.2991157894736842,4.627478947368421,5.570278947368421,0.02927321052631579,3.0
2025-02-13,2.05,3.43,3.18,,,2.15,,2.15,2025-02-01,134.1,4.44228947368421,3.2991157894736842,4.627478947368421,5.570278947368421,0.02927321052631579,3.0
2025-02-20,2.05,3.43,3.18,,,2.15,,2.15,2025-02-01,134.1,4.44228947368421,3.2991157894736842,4.627478947368421,5.570278947368421,0.02927321052631579,3.0
2025-02-27,2.05,3.43,3.18,,,2.15,,2.15,2025-02-01,134.1,4.44228947368421,3.2991157894736842,4.627478947368421,5.570278947368421,0.02927321052631579,3.0
2025-03-06,2.05,3.38,3.13,,,2.15,,2.15,2025-03-01,134.1,4.432763157894737,3.3183473684210525,4.782984210526315,5.717221052631579,0.02972752631578947,3.0
2025-03-13,2.05,3.28,3.06,,,2.15,,2.15,2025-03-01,134.1,4.432763157894737,3.3183473684210525,4.782984210526315,5.717221052631579,0.02972752631578947,3.0
2025-03-20,2.05,3.28,3.03,,,2.15,,2.15,2025-03-01,134.1,4.432763157894737,3.3183473684210525,4.782984210526315,5.717221052631579,0.02972752631578947,3.0
2025-03-27,2.05,3.28,3.03,,,2.15,,2.15,2025-03-01,134.1,4.432763157894737,3.3183473684210525,4.782984210526315,5.717221052631579,0.02972752631578947,3.0
2025-04-03,2.05,3.33,3.03,,,2.15,,2.15,2025-04-01,134.3,4.418690476190476,3.3375238095238093,4.9631,5.809585714285714,0.030677809523809524,3.0
2025-04-10,2.05,3.28,2.98,,,2.15,,2.15,2025-04-01,134.3,4.418690476190476,3.3375238095238093,4.9631,5.809585714285714,0.030677809523809524,3.0
2025-04-17,2.05,3.18,2.88,,,2.15,,2.15,2025-04-01,134.3,4.418690476190476,3.3375238095238093,4.9631,5.809585714285714,0.030677809523809524,3.0
2025-04-24,2.05,3.18,2.88,,,2.15,,2.15,2025-04-01,134.3,4.418690476190476,3.3375238095238093,4.9631,5.809585714285714,0.030677809523809524,3.0
2025-05-01,2.05,3.18,2.88,,,2.15,,2.15,2025-05-01,134.4,4.26645,3.2956650000000005,4.81126,5.702015,0.029485650000000002,3.0
2025-05-08,2.05,3.1,2.8,,,2.15,,2.15,2025-05-01,134.4,4.26645,3.2956650000000005,4.81126,5.702015,0.029485650000000002,3.0
2025-05-15,2.05,3.07,2.77,,,2.15,,2.15,2025-05-01,134.4,4.26645,3.2956650000000005,4.81126,5.702015,0.029485650000000002,3.0
2025-05-22,2.05,3.1,2.8,,,2.15,,2.15,2025-05-01,134.4,4.26645,3.2956650000000005,4.81126,5.702015,0.029485650000000002,3.0
2025-05-29,2.05,3.1,2.77,,,2.15,,2.15,2025-05-01,134.4,4.26645,3.2956650000000005,4.81126,5.702015,0.029485650000000002,3.0
2025-06-05,2.05,3.07,2.74,,,2.15,,2.15,2025-06-01,134.5,4.2413684210526315,3.3032631578947367,4.882536842105264,5.745631578947369,0.029350842105263158,3.0
2025-06-12,2.05,3.07,2.74,,,2.15,,2.15,2025-06-01,134.5,4.2413684210526315,3.3032631578947367,4.882536842105264,5.745631578947369,0.029350842105263158,3.0
2025-06-19,2.05,3.14,2.81,,,2.15,,2.15,2025-06-01,134.5,4.2413684210526315,3.3032631578947367,4.882536842105264,5.745631578947369,0.029350842105263158,3.0
2025-06-26,2.05,3.21,2.88,,,2.15,,2.15,2025-06-01,134.5,4.2413684210526315,3.3032631578947367,4.882536842105264,5.745631578947369,0.029350842105263158,3.0
2025-07-03,2.05,3.18,2.85,,,2.15,,2.15,2025-07-01,134.7,4.233695652173913,3.3070000000000004,4.951378260869565,5.722521739130435,0.02885447826086957,2.75
2025-07-10,2.05,3.18,2.88,,,2.15,,2.15,2025-07-01,134.7,4.233695652173913,3.3070000000000004,4.951378260869565,5.722521739130435,0.02885447826086957,2.75
2025-07-17,2.05,3.21,2.91,,,2.15,,2.15,2025-07-01,134.7,4.233695652173913,3.3070000000000004,4.951378260869565,5.722521739130435,0.02885447826086957,2.75
2025-07-24,2.05,3.21,2.91,,,2.15,,2.15,2025-07-01,134.7,4.233695652173913,3.3070000000000004,4.951378260869565,5.722521739130435,0.02885447826086957,2.75
2025-07-31,2.05,3.17,2.91,,,2.15,,2.15,2025-07-01,134.7,4.233695652173913,3.3070000000000004,4.951378260869565,5.722521739130435,0.02885447826086957,2.75
2025-08-07,2.05,3.17,2.94,,,2.15,,2.15,2025-08-01,134.9,4.225880952380952,3.2871904761904767,4.916514285714285,5.679552380952381,0.028622714285714286,2.75
2025-08-14,2.05,3.13,2.9,,,2.15,,2.15,2025-08-01,134.9,4.225880952380952,3.2871904761904767,4.916514285714285,5.679552380952381,0.028622714285714286,2.75
2025-08-21,2.05,3.13,2.85,,,2.15,,2.15,2025-08-01,134.9,4.225880952380952,3.2871904761904767,4.916514285714285,5.679552380952381,0.028622714285714286,2.75
2025-08-28,2.05,3.16,2.88,,,2.15,,2.15,2025-08-01,134.9,4.225880952380952,3.2871904761904767,4.916514285714285,5.679552380952381,0.028622714285714286,2.75
2025-09-04,2.05,3.16,2.88,,,2.15,,2.15,2025-09-01,135.2,4.2125,3.2784722222222222,4.944483333333333,5.687077777777778,0.02847238888888889,2.75
2025-09-11,2.05,3.18,2.9,,,2.15,,2.15,2025-09-01,135.2,4.2125,3.2784722222222222,4.944483333333333,5.687077777777778,0.02847238888888889,2.75
2025-09-18,2.05,3.21,2.93,,,2.15,,2.15,2025-09-01,135.2,4.2125,3.2784722222222222,4.944483333333333,5.687077777777778,0.02847238888888889,2.75
2025-09-25,2.05,3.21,2.93,,,2.15,,2.15,2025-09-01,135.2,4.2125,3.2784722222222222,4.944483333333333,5.687077777777778,0.02847238888888889,2.75
2025-09-30,2.6,3.21,2.93,2.05,,2.15,1.99,2.15,2025-09-01,135.2,4.2125,3.2784722222222222,4.944483333333333,5.687077777777778,0.02847238888888889,2.75
2025-10-09,2.6,3.18,2.93,2.05,,2.15,1.99,2.15,2025-10-01,135.1,4.215818181818182,3.2555045454545453,4.910268181818181,5.6351818181818185,0.027870272727272726,2.75
2025-10-16,2.6,3.18,2.93,2.05,,2.15,1.99,2.15,2025-10-01,135.1,4.215818181818182,3.2555045454545453,4.910268181818181,5.6351818181818185,0.027870272727272726,2.75
2025-10-23,2.6,3.14,2.89,2.05,,2.15,1.99,2.15,2025-10-01,135.1,4.215818181818182,3.2555045454545453,4.910268181818181,5.6351818181818185,0.027870272727272726,2.75
2025-10-30,2.6,3.2,2.95,2.05,,2.15,1.99,2.15,2025-10-01,135.1,4.215818181818182,3.2555045454545453,4.910268181818181,5.6351818181818185,0.027870272727272726,2.75
2025-11-06,2.6,3.2,3.02,2.05,,2.15,1.99,2.15,2025-11-01,135.1,4.1552999999999995,3.18874,4.801375,5.456235,0.026786650000000002,2.75
2025-11-13,2.65,3.25,3.07,2.05,,2.15,1.99,2.15,2025-11-01,135.1,4.1552999999999995,3.18874,4.801375,5.456235,0.026786650000000002,2.75
2025-11-20,2.65,3.28,3.1,2.05,,2.15,1.99,2.15,2025-11-01,135.1,4.1552999999999995,3.18874,4.801375,5.456235,0.026786650000000002,2.75
2025-11-27,2.63,3.26,3.08,2.05,,2.15,1.99,2.15,2025-11-01,135.1,4.1552999999999995,3.18874,4.801375,5.456235,0.026786650000000002,2.75
2025-12-04,2.66,3.29,3.08,2.05,,2.15,1.99,2.15,2025-12-01,135.5,4.093045454545455,3.169845454545454,4.7922,5.475972727272727,0.026262136363636366,2.75
2025-12-11,2.64,3.27,3.06,2.05,,2.15,1.99,2.15,2025-12-01,135.5,4.093045454545455,3.169845454545454,4.7922,5.475972727272727,0.026262136363636366,2.75
2025-12-18,2.62,3.24,3.02,2.05,,2.15,1.99,2.15,2025-12-01,135.5,4.093045454545455,3.169845454545454,4.7922,5.475972727272727,0.026262136363636366,2.75
2025-12-25,2.56,3.16,2.94,2.05,,2.15,1.99,2.15,2025-12-01,135.5,4.093045454545455,3.169845454545454,4.7922,5.475972727272727,0.026262136363636366,2.75
2026-01-01,2.56,3.16,2.94,2.05,,2.15,1.99,2.15,2026-01-01,135.7,4.029428571428571,3.146719047619048,4.729295238095238,5.447685714285714,0.025709714285714287,2.75
2026-01-08,2.54,3.11,2.89,2.05,,2.15,1.99,2.15,2026-01-01,135.7,4.029428571428571,3.146719047619048,4.729295238095238,5.447685714285714,0.025709714285714287,2.75
2026-01-15,2.52,3.08,2.84,2.05,,2.15,1.99,2.15,2026-01-01,135.7,4.029428571428571,3.146719047619048,4.729295238095238,5.447685714285714,0.025709714285714287,2.75
2026-01-22,2.54,3.1,2.88,2.05,,2.15,1.99,2.15,2026-01-01,135.7,4.029428571428571,3.146719047619048,4.729295238095238,5.447685714285714,0.025709714285714287,2.75
2026-01-29,2.54,3.1,2.92,2.05,,2.15,1.99,2.15,2026-01-01,135.7,4.029428571428571,3.146719047619048,4.729295238095238,5.447685714285714,0.025709714285714287,2.75
2026-02-05,2.54,3.1,2.96,2.05,,2.15,1.99,2.15,2026-02-01,136.0,3.9145588235294118,3.089635294117647,4.628858823529412,5.3172235294117645,0.025235529411764705,2.75
2026-02-12,2.54,3.1,2.99,2.05,,2.15,1.99,2.15,2026-02-01,136.0,3.9145588235294118,3.089635294117647,4.628858823529412,5.3172235294117645,0.025235529411764705,2.75
2026-02-19,2.54,3.1,2.99,2.05,,2.15,1.99,2.15,2026-02-01,136.0,3.9145588235294118,3.089635294117647,4.628858823529412,5.3172235294117645,0.025235529411764705,2.75
2026-02-26,2.59,3.15,3.04,2.05,,2.15,1.99,2.15,2026-02-01,136.0,3.9145588235294118,3.089635294117647,4.628858823529412,5.3172235294117645,0.025235529411764705,2.75
2026-03-05,2.67,3.25,3.12,2.05,,2.15,1.99,2.15,2026-03-01,136.4,3.948675,3.087325,4.56829,5.271535,0.0249013,2.75
2026-03-12,3.27,3.85,3.92,2.05,,2.15,1.99,2.15,2026-03-01,136.4,3.948675,3.087325,4.56829,5.271535,0.0249013,2.75
2026-03-19,3.27,4.55,4.72,2.05,,2.15,1.99,2.15,2026-03-01,136.4,3.948675,3.087325,4.56829,5.271535,0.0249013,2.75
2026-03-26,3.87,5.15,5.52,2.05,,2.15,1.99,2.15,2026-03-01,136.4,3.948675,3.087325,4.56829,5.271535,0.0249013,2.75
2026-04-02,3.87,4.95,6.02,2.05,,2.15,1.99,2.15,2026-04-01,136.9,3.976659090909091,3.1143363636363635,4.6474,5.342563636363637,0.02496563636363636,2.75
2026-04-09,4.27,5.35,6.72,2.05,,2.15,1.99,2.15,2026-04-01,136.9,3.976659090909091,3.1143363636363635,4.6474,5.342563636363637,0.02496563636363636,2.75
2026-04-16,4.02,5.1,5.97,2.05,,2.15,1.99,2.15,2026-04-01,136.9,3.976659090909091,3.1143363636363635,4.6474,5.342563636363637,0.02496563636363636,2.75
2026-04-23,3.87,4.85,5.12,2.05,,2.15,1.99,2.15,2026-04-01,136.9,3.976659090909091,3.1143363636363635,4.6474,5.342563636363637,0.02496563636363636,2.75
2026-04-30,3.97,4.9,5.12,2.05,,2.15,1.99,2.15,2026-04-01,136.9,3.976659090909091,3.1143363636363635,4.6474,5.342563636363637,0.02496563636363636,2.75
2026-05-07,4.02,4.9,5.17,2.05,,2.15,1.99,2.15,2026-05-01,137.1,3.949815789473684,3.0974947368421053,4.612947368421053,5.327594736842105,0.024973947368421054,2.75
2026-05-14,3.87,4.7,4.87,2.05,,2.15,1.99,2.15,2026-05-01,137.1,3.949815789473684,3.0974947368421053,4.612947368421053,5.327594736842105,0.024973947368421054,2.75
2026-05-21,4.07,4.85,4.97,2.05,,2.15,1.99,2.15,2026-05-01,137.1,3.949815789473684,3.0974947368421053,4.612947368421053,5.327594736842105,0.024973947368421054,2.75
2026-05-28,3.92,4.65,4.87,2.05,,2.15,1.99,2.15,2026-05-01,137.1,3.949815789473684,3.0974947368421053,4.612947368421053,5.327594736842105,0.024973947368421054,2.75
2026-06-04,3.72,4.35,4.67,2.05,,2.15,1.99,2.15,2026-06-01,,4.074736842105263,3.160963157894737,4.686294736842105,5.425447368421053,0.025335842105263157,2.75
2026-06-11,3.72,4.35,4.67,2.05,,2.15,1.99,2.15,2026-06-01,,4.074736842105263,3.160963157894737,4.686294736842105,5.425447368421053,0.025335842105263157,2.75
2026-06-18,3.72,4.35,4.37,2.05,,2.15,1.99,2.15,2026-06-01,,4.074736842105263,3.160963157894737,4.686294736842105,5.425447368421053,0.025335842105263157,2.75
2026-06-25,3.47,4.1,4.07,2.05,,2.15,1.99,2.15,2026-06-01,,4.074736842105263,3.160963157894737,4.686294736842105,5.425447368421053,0.025335842105263157,2.75
2026-07-01,3.37,4.0,3.97,2.05,2.1,2.15,1.99,,2026-07-01,,4.076409090909091,3.152618181818182,4.6539,5.444481818181818,0.025141545454545455,2.75
2026-07-09,3.37,4.0,3.97,2.05,2.1,2.15,1.99,,2026-07-01,,4.076409090909091,3.152618181818182,4.6539,5.444481818181818,0.025141545454545455,2.75
